gu,opst,cost,평수,floor
종로구,르메이에르종로타운 1동,240000.0,17.1,고
종로구,루비온 1동,100000.0,5.5,중
종로구,루비온 1동,100000.0,5.5,고
종로구,루비온 1동,100000.0,5.5,고
종로구,루비온 1동,100000.0,5.5,고
종로구,루비온 1동,100000.0,5.5,고
종로구,루비온 1동,100000.0,5.5,저
종로구,루비온 1동,100000.0,5.5,저
종로구,루비온 1동,100000.0,5.5,저
종로구,루비온 1동,100000.0,5.5,저
종로구,루비온 1동,100000.0,5.5,저
종로구,루비온 1동,100000.0,5.5,저
종로구,루비온 1동,100000.0,5.5,저
종로구,루비온 1동,100000.0,5.5,저
종로구,루비온 1동,100000.0,5.5,저
종로구,루비온 1동,100000.0,5.5,중
종로구,루비온 1동,100000.0,5.5,중
종로구,루비온 1동,100000.0,5.5,중
종로구,루비온 1동,100000.0,5.5,중
종로구,루비온 1동,100000.0,5.5,중
종로구,루비온 1동,100000.0,5.5,중
종로구,루비온 1동,100000.0,5.5,중
종로구,루비온 1동,100000.0,5.5,중
종로구,루비온 1동,100000.0,5.5,중
종로구,루비온 1동,100000.0,5.5,중
종로구,루비온 1동,100000.0,5.5,중
종로구,루비온 1동,100000.0,5.5,중
종로구,시티플러스 1동,200000.0,6.8,중
종로구,시티플러스 1동,200000.0,5.7,중
종로구,시티플러스 1동,200000.0,6.8,저
종로구,시티플러스 1동,200000.0,5.7,저
종로구,시티플러스 1동,200000.0,6.8,저
종로구,시티플러스 1동,200000.0,5.7,저
종로구,시티플러스 1동,200000.0,6.8,저
종로구,시티플러스 1동,200000.0,5.7,저
종로구,시티플러스 1동,200000.0,6.8,중
종로구,시티플러스 1동,200000.0,5.7,중
종로구,시티플러스 1동,200000.0,6.8,중
종로구,시티플러스 1동,200000.0,5.7,중
종로구,시티플러스 1동,200000.0,6.8,중
종로구,시티플러스 1동,200000.0,5.7,중
종로구,시티플러스 1동,200000.0,6.8,중
종로구,시티플러스 1동,200000.0,6.8,중
종로구,시티플러스 1동,200000.0,5.7,중
중구,라시떼 1동,100000.0,6.7,저
중구,라시떼 1동,100000.0,6.7,저
중구,라시떼 1동,100000.0,6.7,저
중구,라시떼 1동,100000.0,6.7,저
중구,라시떼 1동,100000.0,6.7,저
중구,라시떼 1동,100000.0,6.7,저
중구,라시떼 1동,100000.0,6.7,저
중구,라시떼 1동,100000.0,6.7,저
중구,라시떼 1동,100000.0,6.7,저
중구,라시떼 1동,100000.0,6.7,저
중구,라시떼 1동,100000.0,6.7,저
중구,라시떼 1동,100000.0,6.7,중
중구,라시떼 1동,100000.0,6.7,중
중구,라시떼 1동,100000.0,6.7,중
중구,라시떼 1동,100000.0,6.7,중
중구,라시떼 1동,100000.0,6.7,중
중구,라시떼 1동,100000.0,6.7,중
중구,라시떼 1동,100000.0,6.7,중
중구,라시떼 1동,100000.0,6.7,중
중구,라시떼 1동,100000.0,6.7,중
중구,라시떼 1동,100000.0,6.7,중
중구,라시떼 1동,100000.0,6.7,중
중구,라시떼 1동,100000.0,6.7,중
용산구,용산클라우드나인 1동,100000.0,5.2,저
용산구,용산클라우드나인 1동,100000.0,5.2,저
용산구,용산클라우드나인 1동,100000.0,5.2,저
용산구,용산클라우드나인 1동,100000.0,5.2,저
용산구,용산클라우드나인 1동,100000.0,5.2,저
용산구,용산클라우드나인 1동,100000.0,5.7,저
용산구,용산클라우드나인 1동,100000.0,5.7,저
용산구,용산클라우드나인 1동,100000.0,5.7,저
용산구,용산클라우드나인 1동,100000.0,5.2,저
용산구,용산클라우드나인 1동,100000.0,5.2,저
용산구,용산클라우드나인 1동,100000.0,5.2,저
용산구,용산클라우드나인 1동,100000.0,5.2,저
용산구,용산클라우드나인 1동,100000.0,5.2,저
용산구,용산클라우드나인 1동,100000.0,5.7,저
용산구,용산클라우드나인 1동,100000.0,5.7,저
용산구,용산클라우드나인 1동,100000.0,5.7,저
용산구,용산클라우드나인 1동,100000.0,5.2,중
용산구,용산클라우드나인 1동,100000.0,5.2,중
용산구,용산클라우드나인 1동,100000.0,5.2,중
용산구,용산클라우드나인 1동,100000.0,5.2,중
용산구,용산클라우드나인 1동,100000.0,5.2,중
용산구,용산클라우드나인 1동,100000.0,5.7,중
용산구,용산클라우드나인 1동,100000.0,5.7,중
용산구,용산클라우드나인 1동,100000.0,5.7,중
용산구,용산클라우드나인 1동,100000.0,5.2,중
용산구,용산클라우드나인 1동,100000.0,5.2,중
용산구,용산클라우드나인 1동,100000.0,5.2,중
용산구,용산클라우드나인 1동,100000.0,5.2,중
용산구,용산클라우드나인 1동,100000.0,5.2,중
용산구,용산클라우드나인 1동,100000.0,5.7,중
용산구,용산클라우드나인 1동,100000.0,5.7,중
용산구,용산클라우드나인 1동,100000.0,5.7,중
용산구,용산클라우드나인 1동,100000.0,5.2,중
용산구,용산클라우드나인 1동,100000.0,5.2,중
용산구,용산클라우드나인 1동,100000.0,5.2,중
용산구,용산클라우드나인 1동,100000.0,5.2,중
용산구,용산클라우드나인 1동,100000.0,5.2,중
용산구,용산클라우드나인 1동,100000.0,5.7,중
용산구,용산클라우드나인 1동,100000.0,5.7,중
용산구,용산클라우드나인 1동,100000.0,5.7,중
용산구,용산클라우드나인 1동,100000.0,5.2,중
용산구,용산클라우드나인 1동,100000.0,5.2,중
용산구,용산클라우드나인 1동,100000.0,5.2,중
용산구,용산클라우드나인 1동,100000.0,5.2,중
용산구,용산클라우드나인 1동,100000.0,5.2,중
용산구,용산클라우드나인 1동,100000.0,5.7,중
용산구,용산클라우드나인 1동,100000.0,5.7,중
용산구,용산클라우드나인 1동,100000.0,5.7,중
성동구,왕십리역요진와이하우스 1동,120000.0,8.9,중
성동구,왕십리역요진와이하우스 1동,120000.0,8.4,중
성동구,왕십리역요진와이하우스 1동,120000.0,8.9,고
성동구,왕십리역요진와이하우스 1동,120000.0,8.4,고
성동구,왕십리역요진와이하우스 1동,120000.0,8.9,고
성동구,왕십리역요진와이하우스 1동,120000.0,8.4,고
성동구,왕십리역요진와이하우스 1동,120000.0,8.9,고
성동구,왕십리역요진와이하우스 1동,120000.0,8.4,고
성동구,왕십리역요진와이하우스 1동,120000.0,8.9,고
성동구,왕십리역요진와이하우스 1동,120000.0,8.4,고
성동구,왕십리역요진와이하우스 1동,120000.0,8.9,고
성동구,왕십리역요진와이하우스 1동,120000.0,8.4,고
성동구,왕십리역요진와이하우스 1동,120000.0,8.9,고
성동구,왕십리역요진와이하우스 1동,120000.0,8.4,고
성동구,왕십리역요진와이하우스 1동,120000.0,8.9,고
성동구,왕십리역요진와이하우스 1동,120000.0,8.4,고
성동구,왕십리역요진와이하우스 1동,120000.0,8.9,고
성동구,왕십리역요진와이하우스 1동,120000.0,8.4,고
성동구,왕십리역요진와이하우스 1동,120000.0,8.9,고
성동구,왕십리역요진와이하우스 1동,120000.0,8.4,고
성동구,왕십리역요진와이하우스 1동,120000.0,8.9,저
성동구,왕십리역요진와이하우스 1동,120000.0,8.4,저
성동구,왕십리역요진와이하우스 1동,120000.0,8.9,중
성동구,왕십리역요진와이하우스 1동,120000.0,8.4,중
성동구,왕십리역요진와이하우스 1동,120000.0,8.9,중
성동구,왕십리역요진와이하우스 1동,120000.0,8.4,중
성동구,왕십리역요진와이하우스 1동,120000.0,8.9,중
성동구,왕십리역요진와이하우스 1동,120000.0,8.4,중
성동구,왕십리역요진와이하우스 1동,120000.0,8.9,중
성동구,왕십리역요진와이하우스 1동,120000.0,8.4,중
성동구,왕십리역요진와이하우스 1동,120000.0,8.9,중
성동구,왕십리역요진와이하우스 1동,120000.0,8.4,중
성동구,왕십리렉스프리미엄 1동,110000.0,5.6,중
성동구,왕십리렉스프리미엄 1동,110000.0,5.6,중
성동구,왕십리렉스프리미엄 1동,110000.0,5.6,고
성동구,왕십리렉스프리미엄 1동,110000.0,5.6,중
성동구,왕십리렉스프리미엄 1동,110000.0,5.6,중
성동구,왕십리렉스프리미엄 1동,110000.0,5.6,중
성동구,왕십리렉스프리미엄 1동,110000.0,5.6,중
성동구,왕십리렉스프리미엄 1동,110000.0,5.6,중
성동구,왕십리렉스프리미엄 1동,110000.0,5.6,중
성동구,왕십리렉스프리미엄 1동,110000.0,5.6,중
성동구,왕십리렉스프리미엄 1동,110000.0,5.6,중
성동구,왕십리렉스프리미엄 1동,110000.0,5.6,중
성동구,왕십리렉스프리미엄 1동,110000.0,5.6,중
광진구,안틸리아자양 1동,100000.0,7.9,저
광진구,안틸리아자양 1동,100000.0,7.7,저
광진구,안틸리아자양 1동,100000.0,7.9,저
광진구,안틸리아자양 1동,100000.0,7.9,저
광진구,안틸리아자양 1동,100000.0,7.7,저
광진구,안틸리아자양 1동,100000.0,7.9,저
광진구,안틸리아자양 1동,100000.0,7.9,저
광진구,안틸리아자양 1동,100000.0,7.9,저
광진구,안틸리아자양 1동,100000.0,7.7,저
광진구,안틸리아자양 1동,100000.0,7.9,저
광진구,안틸리아자양 1동,100000.0,7.9,저
광진구,안틸리아자양 1동,100000.0,7.7,저
광진구,안틸리아자양 1동,100000.0,7.9,저
광진구,안틸리아자양 1동,100000.0,7.9,저
광진구,안틸리아자양 1동,100000.0,7.9,중
광진구,안틸리아자양 1동,100000.0,7.7,중
광진구,안틸리아자양 1동,100000.0,7.9,중
광진구,안틸리아자양 1동,100000.0,7.9,중
광진구,안틸리아자양 1동,100000.0,7.7,중
광진구,안틸리아자양 1동,100000.0,7.9,중
광진구,안틸리아자양 1동,100000.0,7.9,중
광진구,안틸리아자양 1동,100000.0,7.9,중
광진구,안틸리아자양 1동,100000.0,7.7,중
광진구,안틸리아자양 1동,100000.0,7.9,중
광진구,안틸리아자양 1동,100000.0,7.9,중
광진구,안틸리아자양 1동,100000.0,7.7,중
광진구,안틸리아자양 1동,100000.0,7.9,중
광진구,안틸리아자양 1동,100000.0,7.9,중
동대문구,케이타워 1동,90000.0,5.3,중
동대문구,케이타워 1동,90000.0,6.9,중
동대문구,케이타워 1동,90000.0,6.9,중
동대문구,케이타워 1동,90000.0,6.9,중
동대문구,케이타워 1동,90000.0,6.9,중
동대문구,케이타워 1동,90000.0,6.9,중
동대문구,케이타워 1동,90000.0,6.9,중
동대문구,케이타워 1동,90000.0,6.9,중
동대문구,케이타워 1동,90000.0,5.7,중
동대문구,케이타워 1동,90000.0,5.7,중
동대문구,케이타워 1동,90000.0,5.7,중
동대문구,케이타워 1동,90000.0,5.7,중
동대문구,케이타워 1동,90000.0,5.3,고
동대문구,케이타워 1동,90000.0,6.9,고
동대문구,케이타워 1동,90000.0,6.9,고
동대문구,케이타워 1동,90000.0,6.9,고
동대문구,케이타워 1동,90000.0,6.9,고
동대문구,케이타워 1동,90000.0,6.9,고
동대문구,케이타워 1동,90000.0,6.9,고
동대문구,케이타워 1동,90000.0,6.9,고
동대문구,케이타워 1동,90000.0,5.7,고
동대문구,케이타워 1동,90000.0,5.7,고
동대문구,케이타워 1동,90000.0,5.7,고
동대문구,케이타워 1동,90000.0,5.7,고
동대문구,케이타워 1동,90000.0,5.3,중
동대문구,케이타워 1동,90000.0,6.9,중
동대문구,케이타워 1동,90000.0,6.9,중
동대문구,케이타워 1동,90000.0,6.9,중
동대문구,케이타워 1동,90000.0,6.9,중
동대문구,케이타워 1동,90000.0,6.9,중
동대문구,케이타워 1동,90000.0,6.9,중
동대문구,케이타워 1동,90000.0,6.9,중
동대문구,케이타워 1동,90000.0,5.7,중
동대문구,케이타워 1동,90000.0,5.7,중
동대문구,케이타워 1동,90000.0,5.7,중
동대문구,케이타워 1동,90000.0,5.7,중
동대문구,케이타워 1동,90000.0,5.3,중
동대문구,케이타워 1동,90000.0,6.9,중
동대문구,케이타워 1동,90000.0,6.9,중
동대문구,케이타워 1동,90000.0,6.9,중
동대문구,케이타워 1동,90000.0,6.9,중
동대문구,케이타워 1동,90000.0,6.9,중
동대문구,케이타워 1동,90000.0,6.9,중
동대문구,케이타워 1동,90000.0,6.9,중
동대문구,케이타워 1동,90000.0,5.7,중
동대문구,케이타워 1동,90000.0,5.7,중
동대문구,케이타워 1동,90000.0,5.7,중
동대문구,케이타워 1동,90000.0,5.7,중
동대문구,케이타워 1동,90000.0,5.3,중
동대문구,케이타워 1동,90000.0,6.9,중
동대문구,케이타워 1동,90000.0,6.9,중
동대문구,케이타워 1동,90000.0,6.9,중
동대문구,케이타워 1동,90000.0,6.9,중
동대문구,케이타워 1동,90000.0,6.9,중
동대문구,케이타워 1동,90000.0,6.9,중
동대문구,케이타워 1동,90000.0,6.9,중
동대문구,케이타워 1동,90000.0,5.7,중
동대문구,케이타워 1동,90000.0,5.7,중
동대문구,케이타워 1동,90000.0,5.7,중
동대문구,케이타워 1동,90000.0,5.7,중
동대문구,케이타워 1동,90000.0,5.3,중
동대문구,케이타워 1동,90000.0,6.9,중
동대문구,케이타워 1동,90000.0,6.9,중
동대문구,케이타워 1동,90000.0,6.9,중
동대문구,케이타워 1동,90000.0,6.9,중
동대문구,케이타워 1동,90000.0,6.9,중
동대문구,케이타워 1동,90000.0,6.9,중
동대문구,케이타워 1동,90000.0,6.9,중
동대문구,케이타워 1동,90000.0,5.7,중
동대문구,케이타워 1동,90000.0,5.7,중
동대문구,케이타워 1동,90000.0,5.7,중
동대문구,케이타워 1동,90000.0,5.7,중
중랑구,아스테르 1동,80000.0,17.3,저
중랑구,아스테르 1동,80000.0,17.3,저
중랑구,아스테르 1동,80000.0,7.5,저
중랑구,아스테르 1동,80000.0,17.3,저
중랑구,아스테르 1동,80000.0,17.3,저
중랑구,아스테르 1동,80000.0,17.3,저
중랑구,아스테르 1동,80000.0,7.5,저
중랑구,아스테르 1동,80000.0,17.3,저
중랑구,아스테르 1동,80000.0,17.3,저
중랑구,아스테르 1동,80000.0,17.3,저
중랑구,아스테르 1동,80000.0,17.3,저
중랑구,아스테르 1동,80000.0,7.5,저
중랑구,아스테르 1동,80000.0,17.3,저
중랑구,아스테르 1동,80000.0,17.3,저
중랑구,아스테르 1동,80000.0,17.3,중
중랑구,아스테르 1동,80000.0,17.3,중
중랑구,아스테르 1동,80000.0,7.5,중
중랑구,아스테르 1동,80000.0,17.3,중
중랑구,아스테르 1동,80000.0,17.3,중
중랑구,아스테르 1동,80000.0,13.9,중
중랑구,아스테르 1동,80000.0,12.5,중
중랑구,아스테르 1동,80000.0,5.4,중
중랑구,아스테르 1동,80000.0,12.5,중
중랑구,아스테르 1동,80000.0,12.5,중
중랑구,아스테르 1동,80000.0,13.9,중
중랑구,아스테르 1동,80000.0,12.5,중
중랑구,아스테르 1동,80000.0,5.4,중
중랑구,아스테르 1동,80000.0,12.5,중
중랑구,아스테르 1동,80000.0,12.5,중
중랑구,아스테르 1동,80000.0,13.9,중
중랑구,아스테르 1동,80000.0,12.5,중
중랑구,아스테르 1동,80000.0,5.4,중
중랑구,아스테르 1동,80000.0,12.5,중
중랑구,아스테르 1동,80000.0,12.5,중
노원구,중계브라운스톤 101동,200000.0,20.9,중
서대문구,스테이더디자이너스 1동,120000.0,5.7,저
서대문구,스테이더디자이너스 1동,120000.0,5.7,저
서대문구,스테이더디자이너스 1동,120000.0,5.7,저
서대문구,스테이더디자이너스 1동,120000.0,5.7,저
서대문구,스테이더디자이너스 1동,120000.0,5.7,저
서대문구,스테이더디자이너스 1동,120000.0,5.7,저
서대문구,스테이더디자이너스 1동,120000.0,5.7,저
서대문구,스테이더디자이너스 1동,120000.0,5.7,저
서대문구,스테이더디자이너스 1동,120000.0,5.7,저
서대문구,스테이더디자이너스 1동,120000.0,5.7,저
서대문구,스테이더디자이너스 1동,120000.0,5.7,중
서대문구,스테이더디자이너스 1동,120000.0,5.7,중
서대문구,스테이더디자이너스 1동,120000.0,5.7,중
서대문구,스테이더디자이너스 1동,120000.0,5.7,중
서대문구,스테이더디자이너스 1동,120000.0,5.7,중
서대문구,스테이더디자이너스 1동,120000.0,5.7,중
서대문구,스테이더디자이너스 1동,120000.0,5.7,중
서대문구,스테이더디자이너스 1동,120000.0,5.7,중
서대문구,스테이더디자이너스 1동,120000.0,5.7,중
서대문구,스테이더디자이너스 1동,120000.0,5.7,중
서대문구,스테이더디자이너스 1동,120000.0,5.7,중
서대문구,스테이더디자이너스 1동,120000.0,5.7,중
서대문구,스테이더디자이너스 1동,120000.0,5.7,중
서대문구,스테이더디자이너스 1동,120000.0,5.7,중
서대문구,스테이더디자이너스 1동,120000.0,5.7,중
서대문구,스테이더디자이너스 1동,120000.0,5.7,중
서대문구,스테이더디자이너스 1동,120000.0,5.7,중
서대문구,스테이더디자이너스 1동,120000.0,5.7,중
서대문구,스테이더디자이너스 1동,120000.0,5.7,중
서대문구,스테이더디자이너스 1동,120000.0,5.7,중
양천구,신성스카이뷰 1동,70000.0,11.8,저
양천구,신성스카이뷰 1동,70000.0,12.7,저
양천구,신성스카이뷰 1동,70000.0,11.6,저
양천구,신성스카이뷰 1동,70000.0,12.8,저
양천구,신성스카이뷰 1동,70000.0,12.5,저
양천구,신성스카이뷰 1동,70000.0,11.8,저
양천구,신성스카이뷰 1동,70000.0,12.7,저
양천구,신성스카이뷰 1동,70000.0,11.6,저
양천구,신성스카이뷰 1동,70000.0,12.8,저
양천구,신성스카이뷰 1동,70000.0,12.5,저
강서구,펜타곤스카이 1동,80000.0,10.5,중
강서구,펜타곤스카이 1동,80000.0,11.4,중
강서구,펜타곤스카이 1동,80000.0,9.6,중
강서구,펜타곤스카이 1동,80000.0,10.9,중
강서구,펜타곤스카이 1동,80000.0,10.5,고
강서구,펜타곤스카이 1동,80000.0,11.4,고
강서구,펜타곤스카이 1동,80000.0,9.6,고
강서구,펜타곤스카이 1동,80000.0,10.9,고
강서구,펜타곤스카이 1동,80000.0,10.5,고
강서구,펜타곤스카이 1동,80000.0,11.4,고
강서구,펜타곤스카이 1동,80000.0,9.6,고
강서구,펜타곤스카이 1동,80000.0,10.9,고
강서구,펜타곤스카이 1동,80000.0,10.5,저
강서구,펜타곤스카이 1동,80000.0,11.4,저
강서구,펜타곤스카이 1동,80000.0,9.6,저
강서구,펜타곤스카이 1동,80000.0,10.9,저
강서구,펜타곤스카이 1동,80000.0,10.5,저
강서구,펜타곤스카이 1동,80000.0,11.4,저
강서구,펜타곤스카이 1동,80000.0,9.6,저
강서구,펜타곤스카이 1동,80000.0,10.9,저
강서구,펜타곤스카이 1동,80000.0,10.5,중
강서구,펜타곤스카이 1동,80000.0,11.4,중
강서구,펜타곤스카이 1동,80000.0,9.6,중
강서구,펜타곤스카이 1동,80000.0,10.9,중
강서구,펜타곤스카이 1동,80000.0,10.5,중
강서구,펜타곤스카이 1동,80000.0,11.4,중
강서구,펜타곤스카이 1동,80000.0,9.6,중
강서구,펜타곤스카이 1동,80000.0,10.9,중
강서구,펜타곤스카이 1동,80000.0,10.5,중
강서구,펜타곤스카이 1동,80000.0,11.4,중
강서구,펜타곤스카이 1동,80000.0,9.6,중
강서구,펜타곤스카이 1동,80000.0,10.9,중
강서구,펜타곤스카이 1동,80000.0,10.5,중
강서구,펜타곤스카이 1동,80000.0,11.4,중
강서구,펜타곤스카이 1동,80000.0,9.6,중
강서구,펜타곤스카이 1동,80000.0,10.9,중
강서구,펜타곤스카이 1동,80000.0,10.5,중
강서구,펜타곤스카이 1동,80000.0,11.4,중
강서구,펜타곤스카이 1동,80000.0,9.6,중
강서구,펜타곤스카이 1동,80000.0,10.9,중
강서구,힐스테이트에코마곡나루역라마다앙코르 1동,90000.0,5.9,중
강서구,힐스테이트에코마곡나루역라마다앙코르 1동,90000.0,5.9,중
강서구,힐스테이트에코마곡나루역라마다앙코르 1동,90000.0,5.9,중
강서구,힐스테이트에코마곡나루역라마다앙코르 1동,90000.0,5.9,중
강서구,힐스테이트에코마곡나루역라마다앙코르 1동,90000.0,5.9,중
강서구,힐스테이트에코마곡나루역라마다앙코르 1동,90000.0,5.9,중
강서구,힐스테이트에코마곡나루역라마다앙코르 1동,90000.0,5.9,중
강서구,힐스테이트에코마곡나루역라마다앙코르 1동,90000.0,5.9,중
강서구,힐스테이트에코마곡나루역라마다앙코르 1동,90000.0,5.9,중
강서구,힐스테이트에코마곡나루역라마다앙코르 1동,90000.0,5.9,중
강서구,힐스테이트에코마곡나루역라마다앙코르 1동,90000.0,5.9,중
강서구,힐스테이트에코마곡나루역라마다앙코르 1동,90000.0,5.9,중
강서구,힐스테이트에코마곡나루역라마다앙코르 1동,90000.0,6.1,중
강서구,힐스테이트에코마곡나루역라마다앙코르 1동,90000.0,6.1,중
강서구,힐스테이트에코마곡나루역라마다앙코르 1동,90000.0,6.1,중
강서구,힐스테이트에코마곡나루역라마다앙코르 1동,90000.0,6.1,중
강서구,힐스테이트에코마곡나루역라마다앙코르 1동,90000.0,6.1,중
강서구,힐스테이트에코마곡나루역라마다앙코르 1동,90000.0,6.1,중
강서구,힐스테이트에코마곡나루역라마다앙코르 1동,90000.0,6.1,중
강서구,힐스테이트에코마곡나루역라마다앙코르 1동,90000.0,6.1,중
강서구,힐스테이트에코마곡나루역라마다앙코르 1동,90000.0,5.9,고
강서구,힐스테이트에코마곡나루역라마다앙코르 1동,90000.0,5.9,고
강서구,힐스테이트에코마곡나루역라마다앙코르 1동,90000.0,5.9,고
강서구,힐스테이트에코마곡나루역라마다앙코르 1동,90000.0,5.9,고
강서구,힐스테이트에코마곡나루역라마다앙코르 1동,90000.0,5.9,고
강서구,힐스테이트에코마곡나루역라마다앙코르 1동,90000.0,5.9,고
강서구,힐스테이트에코마곡나루역라마다앙코르 1동,90000.0,5.9,고
강서구,힐스테이트에코마곡나루역라마다앙코르 1동,90000.0,5.9,고
강서구,힐스테이트에코마곡나루역라마다앙코르 1동,90000.0,5.9,고
강서구,힐스테이트에코마곡나루역라마다앙코르 1동,90000.0,5.9,고
강서구,힐스테이트에코마곡나루역라마다앙코르 1동,90000.0,5.9,고
강서구,힐스테이트에코마곡나루역라마다앙코르 1동,90000.0,5.9,고
강서구,힐스테이트에코마곡나루역라마다앙코르 1동,90000.0,6.1,고
강서구,힐스테이트에코마곡나루역라마다앙코르 1동,90000.0,6.1,고
강서구,힐스테이트에코마곡나루역라마다앙코르 1동,90000.0,6.1,고
강서구,힐스테이트에코마곡나루역라마다앙코르 1동,90000.0,6.1,고
강서구,힐스테이트에코마곡나루역라마다앙코르 1동,90000.0,6.1,고
강서구,힐스테이트에코마곡나루역라마다앙코르 1동,90000.0,6.1,고
강서구,힐스테이트에코마곡나루역라마다앙코르 1동,90000.0,6.1,고
강서구,힐스테이트에코마곡나루역라마다앙코르 1동,90000.0,6.1,고
강서구,힐스테이트에코마곡나루역라마다앙코르 1동,90000.0,5.9,고
강서구,힐스테이트에코마곡나루역라마다앙코르 1동,90000.0,5.9,고
강서구,힐스테이트에코마곡나루역라마다앙코르 1동,90000.0,5.9,고
강서구,힐스테이트에코마곡나루역라마다앙코르 1동,90000.0,5.9,고
강서구,힐스테이트에코마곡나루역라마다앙코르 1동,90000.0,5.9,고
강서구,힐스테이트에코마곡나루역라마다앙코르 1동,90000.0,5.9,고
강서구,힐스테이트에코마곡나루역라마다앙코르 1동,90000.0,5.9,고
강서구,힐스테이트에코마곡나루역라마다앙코르 1동,90000.0,5.9,고
강서구,힐스테이트에코마곡나루역라마다앙코르 1동,90000.0,5.9,고
강서구,힐스테이트에코마곡나루역라마다앙코르 1동,90000.0,5.9,고
강서구,힐스테이트에코마곡나루역라마다앙코르 1동,90000.0,5.9,고
강서구,힐스테이트에코마곡나루역라마다앙코르 1동,90000.0,5.9,고
강서구,힐스테이트에코마곡나루역라마다앙코르 1동,90000.0,6.1,고
강서구,힐스테이트에코마곡나루역라마다앙코르 1동,90000.0,6.1,고
강서구,힐스테이트에코마곡나루역라마다앙코르 1동,90000.0,6.1,고
강서구,힐스테이트에코마곡나루역라마다앙코르 1동,90000.0,6.1,고
강서구,힐스테이트에코마곡나루역라마다앙코르 1동,90000.0,6.1,고
강서구,힐스테이트에코마곡나루역라마다앙코르 1동,90000.0,6.1,고
강서구,힐스테이트에코마곡나루역라마다앙코르 1동,90000.0,6.1,고
강서구,힐스테이트에코마곡나루역라마다앙코르 1동,90000.0,6.1,고
강서구,힐스테이트에코마곡나루역라마다앙코르 1동,90000.0,5.9,고
강서구,힐스테이트에코마곡나루역라마다앙코르 1동,90000.0,5.9,고
강서구,힐스테이트에코마곡나루역라마다앙코르 1동,90000.0,5.9,고
강서구,힐스테이트에코마곡나루역라마다앙코르 1동,90000.0,5.9,고
강서구,힐스테이트에코마곡나루역라마다앙코르 1동,90000.0,5.9,고
강서구,힐스테이트에코마곡나루역라마다앙코르 1동,90000.0,5.9,고
강서구,힐스테이트에코마곡나루역라마다앙코르 1동,90000.0,5.9,고
강서구,힐스테이트에코마곡나루역라마다앙코르 1동,90000.0,5.9,고
강서구,힐스테이트에코마곡나루역라마다앙코르 1동,90000.0,5.9,고
강서구,힐스테이트에코마곡나루역라마다앙코르 1동,90000.0,5.9,고
강서구,힐스테이트에코마곡나루역라마다앙코르 1동,90000.0,5.9,고
강서구,힐스테이트에코마곡나루역라마다앙코르 1동,90000.0,5.9,고
강서구,힐스테이트에코마곡나루역라마다앙코르 1동,90000.0,6.1,고
강서구,힐스테이트에코마곡나루역라마다앙코르 1동,90000.0,6.1,고
강서구,힐스테이트에코마곡나루역라마다앙코르 1동,90000.0,6.1,고
강서구,힐스테이트에코마곡나루역라마다앙코르 1동,90000.0,6.1,고
강서구,힐스테이트에코마곡나루역라마다앙코르 1동,90000.0,6.1,고
강서구,힐스테이트에코마곡나루역라마다앙코르 1동,90000.0,6.1,고
강서구,힐스테이트에코마곡나루역라마다앙코르 1동,90000.0,6.1,고
강서구,힐스테이트에코마곡나루역라마다앙코르 1동,90000.0,6.1,고
강서구,힐스테이트에코마곡나루역라마다앙코르 1동,90000.0,5.9,고
강서구,힐스테이트에코마곡나루역라마다앙코르 1동,90000.0,5.9,고
강서구,힐스테이트에코마곡나루역라마다앙코르 1동,90000.0,5.9,고
강서구,힐스테이트에코마곡나루역라마다앙코르 1동,90000.0,5.9,고
강서구,힐스테이트에코마곡나루역라마다앙코르 1동,90000.0,5.9,고
강서구,힐스테이트에코마곡나루역라마다앙코르 1동,90000.0,5.9,고
강서구,힐스테이트에코마곡나루역라마다앙코르 1동,90000.0,5.9,고
강서구,힐스테이트에코마곡나루역라마다앙코르 1동,90000.0,5.9,고
강서구,힐스테이트에코마곡나루역라마다앙코르 1동,90000.0,5.9,고
강서구,힐스테이트에코마곡나루역라마다앙코르 1동,90000.0,5.9,고
강서구,힐스테이트에코마곡나루역라마다앙코르 1동,90000.0,5.9,고
강서구,힐스테이트에코마곡나루역라마다앙코르 1동,90000.0,5.9,고
강서구,힐스테이트에코마곡나루역라마다앙코르 1동,90000.0,6.1,고
강서구,힐스테이트에코마곡나루역라마다앙코르 1동,90000.0,6.1,고
강서구,힐스테이트에코마곡나루역라마다앙코르 1동,90000.0,6.1,고
강서구,힐스테이트에코마곡나루역라마다앙코르 1동,90000.0,6.1,고
강서구,힐스테이트에코마곡나루역라마다앙코르 1동,90000.0,6.1,고
강서구,힐스테이트에코마곡나루역라마다앙코르 1동,90000.0,6.1,고
강서구,힐스테이트에코마곡나루역라마다앙코르 1동,90000.0,6.1,고
강서구,힐스테이트에코마곡나루역라마다앙코르 1동,90000.0,6.1,고
강서구,힐스테이트에코마곡나루역라마다앙코르 1동,90000.0,5.9,저
강서구,힐스테이트에코마곡나루역라마다앙코르 1동,90000.0,5.9,저
강서구,힐스테이트에코마곡나루역라마다앙코르 1동,90000.0,5.9,저
강서구,힐스테이트에코마곡나루역라마다앙코르 1동,90000.0,5.9,저
강서구,힐스테이트에코마곡나루역라마다앙코르 1동,90000.0,5.9,저
강서구,힐스테이트에코마곡나루역라마다앙코르 1동,90000.0,5.9,저
강서구,힐스테이트에코마곡나루역라마다앙코르 1동,90000.0,5.9,저
강서구,힐스테이트에코마곡나루역라마다앙코르 1동,90000.0,5.9,저
강서구,힐스테이트에코마곡나루역라마다앙코르 1동,90000.0,5.9,저
강서구,힐스테이트에코마곡나루역라마다앙코르 1동,90000.0,5.9,저
강서구,힐스테이트에코마곡나루역라마다앙코르 1동,90000.0,5.9,저
강서구,힐스테이트에코마곡나루역라마다앙코르 1동,90000.0,5.9,저
강서구,힐스테이트에코마곡나루역라마다앙코르 1동,90000.0,6.1,저
강서구,힐스테이트에코마곡나루역라마다앙코르 1동,90000.0,6.1,저
강서구,힐스테이트에코마곡나루역라마다앙코르 1동,90000.0,6.1,저
강서구,힐스테이트에코마곡나루역라마다앙코르 1동,90000.0,6.1,저
강서구,힐스테이트에코마곡나루역라마다앙코르 1동,90000.0,6.1,저
강서구,힐스테이트에코마곡나루역라마다앙코르 1동,90000.0,6.1,저
강서구,힐스테이트에코마곡나루역라마다앙코르 1동,90000.0,6.1,저
강서구,힐스테이트에코마곡나루역라마다앙코르 1동,90000.0,6.1,저
강서구,힐스테이트에코마곡나루역라마다앙코르 1동,90000.0,5.9,저
강서구,힐스테이트에코마곡나루역라마다앙코르 1동,90000.0,5.9,저
강서구,힐스테이트에코마곡나루역라마다앙코르 1동,90000.0,5.9,저
강서구,힐스테이트에코마곡나루역라마다앙코르 1동,90000.0,5.9,저
강서구,힐스테이트에코마곡나루역라마다앙코르 1동,90000.0,5.9,저
강서구,힐스테이트에코마곡나루역라마다앙코르 1동,90000.0,5.9,저
강서구,힐스테이트에코마곡나루역라마다앙코르 1동,90000.0,5.9,저
강서구,힐스테이트에코마곡나루역라마다앙코르 1동,90000.0,5.9,저
강서구,힐스테이트에코마곡나루역라마다앙코르 1동,90000.0,5.9,저
강서구,힐스테이트에코마곡나루역라마다앙코르 1동,90000.0,5.9,저
강서구,힐스테이트에코마곡나루역라마다앙코르 1동,90000.0,5.9,저
강서구,힐스테이트에코마곡나루역라마다앙코르 1동,90000.0,5.9,저
강서구,힐스테이트에코마곡나루역라마다앙코르 1동,90000.0,6.1,저
강서구,힐스테이트에코마곡나루역라마다앙코르 1동,90000.0,6.1,저
강서구,힐스테이트에코마곡나루역라마다앙코르 1동,90000.0,6.1,저
강서구,힐스테이트에코마곡나루역라마다앙코르 1동,90000.0,6.1,저
강서구,힐스테이트에코마곡나루역라마다앙코르 1동,90000.0,6.1,저
강서구,힐스테이트에코마곡나루역라마다앙코르 1동,90000.0,6.1,저
강서구,힐스테이트에코마곡나루역라마다앙코르 1동,90000.0,6.1,저
강서구,힐스테이트에코마곡나루역라마다앙코르 1동,90000.0,6.1,저
강서구,힐스테이트에코마곡나루역라마다앙코르 1동,90000.0,5.9,중
강서구,힐스테이트에코마곡나루역라마다앙코르 1동,90000.0,5.9,중
강서구,힐스테이트에코마곡나루역라마다앙코르 1동,90000.0,5.9,중
강서구,힐스테이트에코마곡나루역라마다앙코르 1동,90000.0,5.9,중
강서구,힐스테이트에코마곡나루역라마다앙코르 1동,90000.0,5.9,중
강서구,힐스테이트에코마곡나루역라마다앙코르 1동,90000.0,5.9,중
강서구,힐스테이트에코마곡나루역라마다앙코르 1동,90000.0,5.9,중
강서구,힐스테이트에코마곡나루역라마다앙코르 1동,90000.0,5.9,중
강서구,힐스테이트에코마곡나루역라마다앙코르 1동,90000.0,5.9,중
강서구,힐스테이트에코마곡나루역라마다앙코르 1동,90000.0,5.9,중
강서구,힐스테이트에코마곡나루역라마다앙코르 1동,90000.0,5.9,중
강서구,힐스테이트에코마곡나루역라마다앙코르 1동,90000.0,5.9,중
강서구,힐스테이트에코마곡나루역라마다앙코르 1동,90000.0,6.1,중
강서구,힐스테이트에코마곡나루역라마다앙코르 1동,90000.0,6.1,중
강서구,힐스테이트에코마곡나루역라마다앙코르 1동,90000.0,6.1,중
강서구,힐스테이트에코마곡나루역라마다앙코르 1동,90000.0,6.1,중
강서구,힐스테이트에코마곡나루역라마다앙코르 1동,90000.0,6.1,중
강서구,힐스테이트에코마곡나루역라마다앙코르 1동,90000.0,6.1,중
강서구,힐스테이트에코마곡나루역라마다앙코르 1동,90000.0,6.1,중
강서구,힐스테이트에코마곡나루역라마다앙코르 1동,90000.0,6.1,중
강서구,힐스테이트에코마곡나루역라마다앙코르 1동,90000.0,5.9,중
강서구,힐스테이트에코마곡나루역라마다앙코르 1동,90000.0,5.9,중
강서구,힐스테이트에코마곡나루역라마다앙코르 1동,90000.0,5.9,중
강서구,힐스테이트에코마곡나루역라마다앙코르 1동,90000.0,5.9,중
강서구,힐스테이트에코마곡나루역라마다앙코르 1동,90000.0,5.9,중
강서구,힐스테이트에코마곡나루역라마다앙코르 1동,90000.0,5.9,중
강서구,힐스테이트에코마곡나루역라마다앙코르 1동,90000.0,5.9,중
강서구,힐스테이트에코마곡나루역라마다앙코르 1동,90000.0,5.9,중
강서구,힐스테이트에코마곡나루역라마다앙코르 1동,90000.0,5.9,중
강서구,힐스테이트에코마곡나루역라마다앙코르 1동,90000.0,5.9,중
강서구,힐스테이트에코마곡나루역라마다앙코르 1동,90000.0,5.9,중
강서구,힐스테이트에코마곡나루역라마다앙코르 1동,90000.0,5.9,중
강서구,힐스테이트에코마곡나루역라마다앙코르 1동,90000.0,6.1,중
강서구,힐스테이트에코마곡나루역라마다앙코르 1동,90000.0,6.1,중
강서구,힐스테이트에코마곡나루역라마다앙코르 1동,90000.0,6.1,중
강서구,힐스테이트에코마곡나루역라마다앙코르 1동,90000.0,6.1,중
강서구,힐스테이트에코마곡나루역라마다앙코르 1동,90000.0,6.1,중
강서구,힐스테이트에코마곡나루역라마다앙코르 1동,90000.0,6.1,중
강서구,힐스테이트에코마곡나루역라마다앙코르 1동,90000.0,6.1,중
강서구,힐스테이트에코마곡나루역라마다앙코르 1동,90000.0,6.1,중
강서구,힐스테이트에코마곡나루역라마다앙코르 1동,90000.0,5.9,중
강서구,힐스테이트에코마곡나루역라마다앙코르 1동,90000.0,5.9,중
강서구,힐스테이트에코마곡나루역라마다앙코르 1동,90000.0,5.9,중
강서구,힐스테이트에코마곡나루역라마다앙코르 1동,90000.0,5.9,중
강서구,힐스테이트에코마곡나루역라마다앙코르 1동,90000.0,5.9,중
강서구,힐스테이트에코마곡나루역라마다앙코르 1동,90000.0,5.9,중
강서구,힐스테이트에코마곡나루역라마다앙코르 1동,90000.0,5.9,중
강서구,힐스테이트에코마곡나루역라마다앙코르 1동,90000.0,5.9,중
강서구,힐스테이트에코마곡나루역라마다앙코르 1동,90000.0,5.9,중
강서구,힐스테이트에코마곡나루역라마다앙코르 1동,90000.0,5.9,중
강서구,힐스테이트에코마곡나루역라마다앙코르 1동,90000.0,5.9,중
강서구,힐스테이트에코마곡나루역라마다앙코르 1동,90000.0,5.9,중
강서구,힐스테이트에코마곡나루역라마다앙코르 1동,90000.0,6.1,중
강서구,힐스테이트에코마곡나루역라마다앙코르 1동,90000.0,6.1,중
강서구,힐스테이트에코마곡나루역라마다앙코르 1동,90000.0,6.1,중
강서구,힐스테이트에코마곡나루역라마다앙코르 1동,90000.0,6.1,중
강서구,힐스테이트에코마곡나루역라마다앙코르 1동,90000.0,6.1,중
강서구,힐스테이트에코마곡나루역라마다앙코르 1동,90000.0,6.1,중
강서구,힐스테이트에코마곡나루역라마다앙코르 1동,90000.0,6.1,중
강서구,힐스테이트에코마곡나루역라마다앙코르 1동,90000.0,6.1,중
강서구,힐스테이트에코마곡나루역라마다앙코르 1동,90000.0,5.9,중
강서구,힐스테이트에코마곡나루역라마다앙코르 1동,90000.0,5.9,중
강서구,힐스테이트에코마곡나루역라마다앙코르 1동,90000.0,5.9,중
강서구,힐스테이트에코마곡나루역라마다앙코르 1동,90000.0,5.9,중
강서구,힐스테이트에코마곡나루역라마다앙코르 1동,90000.0,5.9,중
강서구,힐스테이트에코마곡나루역라마다앙코르 1동,90000.0,5.9,중
강서구,힐스테이트에코마곡나루역라마다앙코르 1동,90000.0,5.9,중
강서구,힐스테이트에코마곡나루역라마다앙코르 1동,90000.0,5.9,중
강서구,힐스테이트에코마곡나루역라마다앙코르 1동,90000.0,5.9,중
강서구,힐스테이트에코마곡나루역라마다앙코르 1동,90000.0,5.9,중
강서구,힐스테이트에코마곡나루역라마다앙코르 1동,90000.0,5.9,중
강서구,힐스테이트에코마곡나루역라마다앙코르 1동,90000.0,5.9,중
강서구,힐스테이트에코마곡나루역라마다앙코르 1동,90000.0,6.1,중
강서구,힐스테이트에코마곡나루역라마다앙코르 1동,90000.0,6.1,중
강서구,힐스테이트에코마곡나루역라마다앙코르 1동,90000.0,6.1,중
강서구,힐스테이트에코마곡나루역라마다앙코르 1동,90000.0,6.1,중
강서구,힐스테이트에코마곡나루역라마다앙코르 1동,90000.0,6.1,중
강서구,힐스테이트에코마곡나루역라마다앙코르 1동,90000.0,6.1,중
강서구,힐스테이트에코마곡나루역라마다앙코르 1동,90000.0,6.1,중
강서구,힐스테이트에코마곡나루역라마다앙코르 1동,90000.0,6.1,중
강서구,힐스테이트에코마곡나루역라마다앙코르 1동,90000.0,5.9,중
강서구,힐스테이트에코마곡나루역라마다앙코르 1동,90000.0,5.9,중
강서구,힐스테이트에코마곡나루역라마다앙코르 1동,90000.0,5.9,중
강서구,힐스테이트에코마곡나루역라마다앙코르 1동,90000.0,5.9,중
강서구,힐스테이트에코마곡나루역라마다앙코르 1동,90000.0,5.9,중
강서구,힐스테이트에코마곡나루역라마다앙코르 1동,90000.0,5.9,중
강서구,힐스테이트에코마곡나루역라마다앙코르 1동,90000.0,5.9,중
강서구,힐스테이트에코마곡나루역라마다앙코르 1동,90000.0,5.9,중
강서구,힐스테이트에코마곡나루역라마다앙코르 1동,90000.0,5.9,중
강서구,힐스테이트에코마곡나루역라마다앙코르 1동,90000.0,5.9,중
강서구,힐스테이트에코마곡나루역라마다앙코르 1동,90000.0,5.9,중
강서구,힐스테이트에코마곡나루역라마다앙코르 1동,90000.0,5.9,중
강서구,힐스테이트에코마곡나루역라마다앙코르 1동,90000.0,6.1,중
강서구,힐스테이트에코마곡나루역라마다앙코르 1동,90000.0,6.1,중
강서구,힐스테이트에코마곡나루역라마다앙코르 1동,90000.0,6.1,중
강서구,힐스테이트에코마곡나루역라마다앙코르 1동,90000.0,6.1,중
강서구,힐스테이트에코마곡나루역라마다앙코르 1동,90000.0,6.1,중
강서구,힐스테이트에코마곡나루역라마다앙코르 1동,90000.0,6.1,중
강서구,힐스테이트에코마곡나루역라마다앙코르 1동,90000.0,6.1,중
강서구,힐스테이트에코마곡나루역라마다앙코르 1동,90000.0,6.1,중
강서구,플래티노 1동,80000.0,5.2,저
강서구,플래티노 1동,80000.0,5.2,저
강서구,플래티노 1동,80000.0,5.2,저
강서구,플래티노 1동,80000.0,5.2,저
강서구,플래티노 1동,80000.0,5.2,저
강서구,플래티노 1동,80000.0,5.2,저
강서구,플래티노 1동,80000.0,5.2,저
강서구,플래티노 1동,80000.0,5.2,저
강서구,플래티노 1동,80000.0,5.2,저
강서구,플래티노 1동,80000.0,5.2,저
강서구,플래티노 1동,80000.0,5.2,저
강서구,플래티노 1동,80000.0,5.2,저
강서구,플래티노 1동,80000.0,5.2,저
강서구,플래티노 1동,80000.0,5.2,저
강서구,플래티노 1동,80000.0,5.2,저
강서구,플래티노 1동,80000.0,5.2,저
강서구,플래티노 1동,80000.0,5.2,저
강서구,플래티노 1동,80000.0,5.2,저
강서구,플래티노 1동,80000.0,5.2,중
강서구,플래티노 1동,80000.0,5.2,중
강서구,플래티노 1동,80000.0,5.2,중
강서구,플래티노 1동,80000.0,5.2,중
강서구,플래티노 1동,80000.0,5.2,중
강서구,플래티노 1동,80000.0,5.2,중
강서구,플래티노 1동,80000.0,5.2,중
강서구,플래티노 1동,80000.0,5.2,중
강서구,플래티노 1동,80000.0,5.2,중
강서구,플래티노 1동,80000.0,5.2,중
강서구,플래티노 1동,80000.0,5.2,중
강서구,플래티노 1동,80000.0,5.2,중
강서구,플래티노 1동,80000.0,5.2,중
강서구,플래티노 1동,80000.0,5.2,중
강서구,플래티노 1동,80000.0,5.2,중
강서구,플래티노 1동,80000.0,5.2,중
강서구,플래티노 1동,80000.0,5.2,중
강서구,플래티노 1동,80000.0,5.2,중
강서구,플래티노 1동,80000.0,5.2,중
강서구,플래티노 1동,80000.0,5.2,중
강서구,SJ라벨라 1동,90000.0,6.2,중
강서구,SJ라벨라 1동,90000.0,6.2,중
강서구,SJ라벨라 1동,90000.0,6.2,중
강서구,SJ라벨라 1동,90000.0,6.2,중
강서구,SJ라벨라 1동,90000.0,6.2,중
강서구,SJ라벨라 1동,90000.0,6.2,중
강서구,SJ라벨라 1동,90000.0,6.2,고
강서구,SJ라벨라 1동,90000.0,6.2,고
강서구,SJ라벨라 1동,90000.0,6.2,고
강서구,SJ라벨라 1동,90000.0,6.2,고
강서구,SJ라벨라 1동,90000.0,6.2,고
강서구,SJ라벨라 1동,90000.0,6.2,고
강서구,SJ라벨라 1동,90000.0,6.2,고
강서구,SJ라벨라 1동,90000.0,6.2,고
강서구,SJ라벨라 1동,90000.0,6.2,고
강서구,SJ라벨라 1동,90000.0,6.2,고
강서구,SJ라벨라 1동,90000.0,6.2,고
강서구,SJ라벨라 1동,90000.0,6.2,고
강서구,SJ라벨라 1동,90000.0,6.2,고
강서구,SJ라벨라 1동,90000.0,6.2,고
강서구,SJ라벨라 1동,90000.0,6.2,고
강서구,SJ라벨라 1동,90000.0,6.2,고
강서구,SJ라벨라 1동,90000.0,6.2,고
강서구,SJ라벨라 1동,90000.0,6.2,고
강서구,SJ라벨라 1동,90000.0,6.2,고
강서구,SJ라벨라 1동,90000.0,6.2,고
강서구,SJ라벨라 1동,90000.0,6.2,고
강서구,SJ라벨라 1동,90000.0,6.2,고
강서구,SJ라벨라 1동,90000.0,6.2,고
강서구,SJ라벨라 1동,90000.0,6.2,고
강서구,SJ라벨라 1동,90000.0,6.2,고
강서구,SJ라벨라 1동,90000.0,6.2,고
강서구,SJ라벨라 1동,90000.0,6.2,고
강서구,SJ라벨라 1동,90000.0,6.2,고
강서구,SJ라벨라 1동,90000.0,6.2,고
강서구,SJ라벨라 1동,90000.0,6.2,고
강서구,SJ라벨라 1동,90000.0,6.2,고
강서구,SJ라벨라 1동,90000.0,6.2,고
강서구,SJ라벨라 1동,90000.0,6.2,고
강서구,SJ라벨라 1동,90000.0,6.2,고
강서구,SJ라벨라 1동,90000.0,6.2,고
강서구,SJ라벨라 1동,90000.0,6.2,고
강서구,SJ라벨라 1동,90000.0,6.2,저
강서구,SJ라벨라 1동,90000.0,6.2,저
강서구,SJ라벨라 1동,90000.0,6.2,저
강서구,SJ라벨라 1동,90000.0,6.2,저
강서구,SJ라벨라 1동,90000.0,6.2,저
강서구,SJ라벨라 1동,90000.0,6.2,저
강서구,SJ라벨라 1동,90000.0,6.2,저
강서구,SJ라벨라 1동,90000.0,6.2,저
강서구,SJ라벨라 1동,90000.0,6.2,저
강서구,SJ라벨라 1동,90000.0,6.2,저
강서구,SJ라벨라 1동,90000.0,6.2,저
강서구,SJ라벨라 1동,90000.0,6.2,저
강서구,SJ라벨라 1동,90000.0,6.2,중
강서구,SJ라벨라 1동,90000.0,6.2,중
강서구,SJ라벨라 1동,90000.0,6.2,중
강서구,SJ라벨라 1동,90000.0,6.2,중
강서구,SJ라벨라 1동,90000.0,6.2,중
강서구,SJ라벨라 1동,90000.0,6.2,중
강서구,SJ라벨라 1동,90000.0,6.2,중
강서구,SJ라벨라 1동,90000.0,6.2,중
강서구,SJ라벨라 1동,90000.0,6.2,중
강서구,SJ라벨라 1동,90000.0,6.2,중
강서구,SJ라벨라 1동,90000.0,6.2,중
강서구,SJ라벨라 1동,90000.0,6.2,중
강서구,SJ라벨라 1동,90000.0,6.2,중
강서구,SJ라벨라 1동,90000.0,6.2,중
강서구,SJ라벨라 1동,90000.0,6.2,중
강서구,SJ라벨라 1동,90000.0,6.2,중
강서구,SJ라벨라 1동,90000.0,6.2,중
강서구,SJ라벨라 1동,90000.0,6.2,중
강서구,SJ라벨라 1동,90000.0,6.2,중
강서구,SJ라벨라 1동,90000.0,6.2,중
강서구,SJ라벨라 1동,90000.0,6.2,중
강서구,SJ라벨라 1동,90000.0,6.2,중
강서구,SJ라벨라 1동,90000.0,6.2,중
강서구,SJ라벨라 1동,90000.0,6.2,중
강서구,SJ라벨라 1동,90000.0,5.5,중
강서구,SJ라벨라 1동,90000.0,5.5,중
강서구,SJ라벨라 1동,90000.0,5.5,중
강서구,SJ라벨라 1동,90000.0,6.2,중
강서구,SJ라벨라 1동,90000.0,6.2,중
강서구,SJ라벨라 1동,90000.0,6.2,중
강서구,SJ라벨라 1동,90000.0,6.2,중
강서구,SJ라벨라 1동,90000.0,6.2,중
강서구,SJ라벨라 1동,90000.0,6.2,중
강서구,SJ라벨라 1동,90000.0,5.5,중
강서구,SJ라벨라 1동,90000.0,5.5,중
영등포구,명남더블레스 1동,90000.0,5.3,저
영등포구,명남더블레스 1동,90000.0,5.5,저
영등포구,명남더블레스 1동,90000.0,5.6,저
영등포구,명남더블레스 1동,90000.0,5.5,저
영등포구,명남더블레스 1동,90000.0,5.5,저
영등포구,명남더블레스 1동,90000.0,5.6,저
영등포구,명남더블레스 1동,90000.0,5.5,저
영등포구,명남더블레스 1동,90000.0,5.3,저
영등포구,명남더블레스 1동,90000.0,5.3,저
영등포구,명남더블레스 1동,90000.0,5.3,저
영등포구,명남더블레스 1동,90000.0,5.3,중
영등포구,명남더블레스 1동,90000.0,5.5,중
영등포구,명남더블레스 1동,90000.0,5.6,중
영등포구,명남더블레스 1동,90000.0,5.5,중
영등포구,명남더블레스 1동,90000.0,5.5,중
영등포구,명남더블레스 1동,90000.0,5.6,중
영등포구,명남더블레스 1동,90000.0,5.5,중
영등포구,명남더블레스 1동,90000.0,5.3,중
영등포구,명남더블레스 1동,90000.0,5.3,중
영등포구,명남더블레스 1동,90000.0,5.3,중
영등포구,명남더블레스 1동,90000.0,5.3,중
영등포구,명남더블레스 1동,90000.0,5.5,중
영등포구,명남더블레스 1동,90000.0,5.6,중
영등포구,명남더블레스 1동,90000.0,5.5,중
영등포구,명남더블레스 1동,90000.0,5.5,중
영등포구,명남더블레스 1동,90000.0,5.6,중
영등포구,명남더블레스 1동,90000.0,5.5,중
영등포구,명남더블레스 1동,90000.0,5.3,중
영등포구,명남더블레스 1동,90000.0,5.3,중
영등포구,명남더블레스 1동,90000.0,5.3,중
영등포구,명남더블레스 1동,90000.0,5.3,중
영등포구,명남더블레스 1동,90000.0,5.5,중
영등포구,명남더블레스 1동,90000.0,5.6,중
영등포구,명남더블레스 1동,90000.0,5.5,중
영등포구,명남더블레스 1동,90000.0,5.5,중
영등포구,명남더블레스 1동,90000.0,5.6,중
영등포구,명남더블레스 1동,90000.0,5.5,중
영등포구,명남더블레스 1동,90000.0,5.3,중
영등포구,명남더블레스 1동,90000.0,5.3,중
영등포구,명남더블레스 1동,90000.0,5.3,중
영등포구,명남더블레스 1동,90000.0,5.3,중
영등포구,명남더블레스 1동,90000.0,5.5,중
영등포구,명남더블레스 1동,90000.0,5.6,중
영등포구,명남더블레스 1동,90000.0,5.5,중
영등포구,명남더블레스 1동,90000.0,5.5,중
영등포구,명남더블레스 1동,90000.0,5.6,중
영등포구,명남더블레스 1동,90000.0,5.5,중
영등포구,명남더블레스 1동,90000.0,5.3,중
영등포구,명남더블레스 1동,90000.0,5.3,중
영등포구,명남더블레스 1동,90000.0,5.3,중
영등포구,명남더블레스 1동,90000.0,5.5,중
영등포구,명남더블레스 1동,90000.0,5.3,중
영등포구,명남더블레스 1동,90000.0,5.3,중
영등포구,명남더블레스 1동,90000.0,5.3,중
영등포구,명남더블레스 1동,90000.0,5.3,중
영등포구,명남더블레스 1동,90000.0,5.5,중
영등포구,명남더블레스 1동,90000.0,5.6,중
영등포구,명남더블레스 1동,90000.0,5.5,중
영등포구,명남더블레스 1동,90000.0,5.5,중
영등포구,명남더블레스 1동,90000.0,5.6,중
영등포구,명남더블레스 1동,90000.0,5.5,중
영등포구,명남더블레스 1동,90000.0,5.3,중
영등포구,명남더블레스 1동,90000.0,5.3,중
영등포구,명남더블레스 1동,90000.0,5.3,중
영등포구,명남더블레스 1동,90000.0,7.2,중
영등포구,신현빌5차 1동,50000.0,7.0,저
영등포구,신현빌5차 1동,50000.0,6.9,저
영등포구,신현빌5차 1동,50000.0,6.9,저
영등포구,신현빌5차 1동,50000.0,6.9,저
영등포구,신현빌5차 1동,50000.0,6.9,저
영등포구,신현빌5차 1동,50000.0,7.0,저
영등포구,신현빌5차 1동,50000.0,7.0,저
영등포구,신현빌5차 1동,50000.0,6.9,저
영등포구,신현빌5차 1동,50000.0,6.9,저
영등포구,신현빌5차 1동,50000.0,6.9,저
영등포구,신현빌5차 1동,50000.0,6.9,저
영등포구,신현빌5차 1동,50000.0,7.0,저
영등포구,신현빌5차 1동,50000.0,7.0,저
영등포구,신현빌5차 1동,50000.0,6.9,저
영등포구,신현빌5차 1동,50000.0,6.9,저
영등포구,신현빌5차 1동,50000.0,6.9,저
영등포구,신현빌5차 1동,50000.0,6.9,저
영등포구,신현빌5차 1동,50000.0,7.0,저
영등포구,여의도리버캐슬2차 1동,80000.0,7.0,저
영등포구,여의도리버캐슬2차 1동,80000.0,6.6,저
영등포구,여의도리버캐슬2차 1동,80000.0,6.6,저
영등포구,여의도리버캐슬2차 1동,80000.0,7.0,저
영등포구,여의도리버캐슬2차 1동,80000.0,7.0,저
영등포구,여의도리버캐슬2차 1동,80000.0,6.6,저
영등포구,여의도리버캐슬2차 1동,80000.0,6.6,저
영등포구,여의도리버캐슬2차 1동,80000.0,7.0,저
영등포구,여의도리버캐슬2차 1동,80000.0,7.0,저
영등포구,여의도리버캐슬2차 1동,80000.0,6.6,저
영등포구,여의도리버캐슬2차 1동,80000.0,6.6,저
영등포구,여의도리버캐슬2차 1동,80000.0,7.0,저
영등포구,여의도리버캐슬2차 1동,80000.0,7.0,중
영등포구,여의도리버캐슬2차 1동,80000.0,6.6,중
영등포구,여의도리버캐슬2차 1동,80000.0,6.6,중
영등포구,여의도리버캐슬2차 1동,80000.0,7.0,중
